sha1,filename,processed_at
ff47ca71985cdf7ed30ecbc12f6f3e1e62bfd59b,Coronamax_08__20251019_2046.pdf,2025-10-26 20:46:38.601470
fbe92182550ab474a9ca1653b35f43c283d2ce85,Tournoi de poker CoronaMax VII - Filetonfric 01 du 31-08-2025 2115 en argent réel__20250909_120230__20251017_024809.pdf,2025-10-26 20:47:20.891333
4e9442ad2dce52cf03bf0a5d38af80da40282bb5,Tournoi de poker CoronaMax VII - Filetonfric 02 du 07-09-2025 2115 en argent réel__20250908_031740__20251017_024847.pdf,2025-10-26 20:47:22.144067
35de1c44f9067f5a88e76d71ee1f733c8b90c85e,Tournoi de poker CoronaMax VII - Filetonfric 03 du 14-09-2025 2115 en argent réel__20250915_010057__20251017_024810.pdf,2025-10-26 20:47:23.173113
04bd2b81cddb16602d0638e1d8295349d6343041,Tournoi de poker CoronaMax VII - Filetonfric 04 du 21-09-2025 2115 en argent réel __20250922_015257__20251017_024811.pdf,2025-10-26 20:47:24.172808
f3244f4d286da9cd962a5a872d7acc0c46f9d0a1,Tournoi de poker CoronaMax VII - Filetonfric 05 du 28-09-2025 2115 en argent réel__20250929_134025__20251017_024812.pdf,2025-10-26 20:47:25.036742
0852ac188e4ee3e5768305ba1e0fab596d7846e8,Tournoi de poker CoronaMax VII - Filetonfric 06 du 05-10-2025 2115 en argent réel__20251006_022027__20251017_024813.pdf,2025-10-26 20:47:25.974324
644411392799b6353d654dd9710a5d36bd22f00c,Tournoi de poker CoronaMax VII - Filetonfric 07 du 12-10-2025 2115 en argent réel__20251017_024815.pdf,2025-10-26 20:47:27.413453
ba19c2f53345695e341171c275e0c532b1f0ff2e,Coronamax_09__20251021_2115.pdf,2025-10-26 20:54:01.843490
c4780a6a1d5fc5a90ce6b652a1cddbbd4e0c522d,Tournoi de poker CoronaMax VII - Filetonfric 10 du 26-10-2025 2115 en argent réel (1).pdf,2025-10-27 01:07:38.676840
